CREATE TABLE IF NOT EXISTS "admin_honeypot_loginattempt" ("id" integer NOT NULL PRIMARY KEY AUTOINCREMENT, "username" varchar(255) NULL, "session_key" varchar(50) NULL, "user_agent" text NULL, "timestamp" datetime NOT NULL, "path" text NULL, "ip_address" char(39) NULL);
INSERT INTO "admin_honeypot_loginattempt" VALUES(1,'admin','zhdht49gqnun0346c6x4yezbwyiubkek','Mozilla/5.0 (Windows NT 10.0; Win64; x64) AppleWebKit/537.36 (KHTML, like Gecko) Chrome/97.0.4692.99 Safari/537.36','2022-01-30 06:38:41.687394','/admin/login/?next=/admin/','127.0.0.1');
INSERT INTO "admin_honeypot_loginattempt" VALUES(2,'admin','zhdht49gqnun0346c6x4yezbwyiubkek','Mozilla/5.0 (Windows NT 10.0; Win64; x64) AppleWebKit/537.36 (KHTML, like Gecko) Chrome/97.0.4692.99 Safari/537.36','2022-01-30 06:38:43.174919','/admin/login/?next=/admin/','127.0.0.1');
INSERT INTO "admin_honeypot_loginattempt" VALUES(3,'asdasdasd','zhdht49gqnun0346c6x4yezbwyiubkek','Mozilla/5.0 (Windows NT 10.0; Win64; x64) AppleWebKit/537.36 (KHTML, like Gecko) Chrome/97.0.4692.99 Safari/537.36','2022-01-30 06:38:48.981802','/admin/login/?next=/admin/','127.0.0.1');
INSERT INTO "admin_honeypot_loginattempt" VALUES(4,'admin','zhdht49gqnun0346c6x4yezbwyiubkek','Mozilla/5.0 (Windows NT 10.0; Win64; x64) AppleWebKit/537.36 (KHTML, like Gecko) Chrome/97.0.4692.99 Safari/537.36','2022-01-30 06:39:36.897264','/admin/login/?next=/admin/','127.0.0.1');
INSERT INTO "admin_honeypot_loginattempt" VALUES(5,'admin','zhdht49gqnun0346c6x4yezbwyiubkek','Mozilla/5.0 (Windows NT 10.0; Win64; x64) AppleWebKit/537.36 (KHTML, like Gecko) Chrome/97.0.4692.99 Safari/537.36','2022-01-30 06:39:41.782181','/admin/login/?next=/admin/','127.0.0.1');
INSERT INTO "admin_honeypot_loginattempt" VALUES(6,'admin','zhdht49gqnun0346c6x4yezbwyiubkek','Mozilla/5.0 (Windows NT 10.0; Win64; x64) AppleWebKit/537.36 (KHTML, like Gecko) Chrome/97.0.4692.99 Safari/537.36','2022-01-30 06:39:44.261335','/admin/login/?next=/admin/','127.0.0.1');
CREATE UNIQUE INDEX "django_content_type_app_label_model_76bd3d3b_uniq" ON "django_content_type" ("app_label", "model");
CREATE UNIQUE INDEX "auth_group_permissions_group_id_permission_id_0cd325b0_uniq" ON "auth_group_permissions" ("group_id", "permission_id");
CREATE INDEX IF NOT EXISTS "auth_group_permissions_group_id_b120cbf9" ON "auth_group_permissions" ("group_id");
CREATE INDEX IF NOT EXISTS "auth_group_permissions_permission_id_84c5c92e" ON "auth_group_permissions" ("permission_id");
CREATE UNIQUE INDEX "auth_permission_content_type_id_codename_01ab375a_uniq" ON "auth_permission" ("content_type_id", "codename");
CREATE INDEX IF NOT EXISTS "auth_permission_content_type_id_2f476e4b" ON "auth_permission" ("content_type_id");
CREATE UNIQUE INDEX "final_server_customuser_groups_customuser_id_group_id_d8730558_uniq" ON "final_server_customuser_groups" ("customuser_id", "group_id");
CREATE INDEX IF NOT EXISTS "final_server_customuser_groups_customuser_id_f9b240c2" ON "final_server_customuser_groups" ("customuser_id");
CREATE INDEX IF NOT EXISTS "final_server_customuser_groups_group_id_405c6147" ON "final_server_customuser_groups" ("group_id");
CREATE UNIQUE INDEX "final_server_customuser_user_permissions_customuser_id_permission_id_acc183c9_uniq" ON "final_server_customuser_user_permissions" ("customuser_id", "permission_id");
CREATE INDEX IF NOT EXISTS "final_server_customuser_user_permissions_customuser_id_6db2d22f" ON "final_server_customuser_user_permissions" ("customuser_id");
CREATE INDEX IF NOT EXISTS "final_server_customuser_user_permissions_permission_id_98412df0" ON "final_server_customuser_user_permissions" ("permission_id");
CREATE INDEX IF NOT EXISTS "final_server_group_owner_id_40711106" ON "final_server_group" ("owner_id");
CREATE INDEX IF NOT EXISTS "final_server_grouppermission_group_id_50ae954d" ON "final_server_grouppermission" ("group_id");
CREATE INDEX IF NOT EXISTS "final_server_grouppermission_user_id_38fdf058" ON "final_server_grouppermission" ("user_id");
CREATE INDEX IF NOT EXISTS "django_admin_log_content_type_id_c4bce8eb" ON "django_admin_log" ("content_type_id");
CREATE INDEX IF NOT EXISTS "django_admin_log_user_id_c564eba6" ON "django_admin_log" ("user_id");
CREATE INDEX IF NOT EXISTS "django_session_expire_date_a5c62663" ON "django_session" ("expire_date");
CREATE INDEX IF NOT EXISTS "final_server_usermessage_sender_id_2255fe9e" ON "final_server_usermessage" ("sender_id");
CREATE INDEX IF NOT EXISTS "final_server_usermessage_reciever_id_dd695415" ON "final_server_usermessage" ("reciever_id");
CREATE UNIQUE INDEX "final_server_grouppermission_group_id_user_id_cbffdb06_uniq" ON "final_server_grouppermission" ("group_id", "user_id");
CREATE INDEX IF NOT EXISTS "final_server_groupmessage_user_id_a9f551e9" ON "final_server_groupmessage" ("user_id");
CREATE INDEX IF NOT EXISTS "final_server_groupmessage_group_id_be6a7445" ON "final_server_groupmessage" ("group_id");
CREATE TABLE IF NOT EXISTS "auth_group" ("id" integer NOT NULL PRIMARY KEY AUTOINCREMENT, "name" varchar(150) NOT NULL UNIQUE);
CREATE UNIQUE INDEX "django_content_type_app_label_model_76bd3d3b_uniq" ON "django_content_type" ("app_label", "model");
CREATE UNIQUE INDEX "auth_group_permissions_group_id_permission_id_0cd325b0_uniq" ON "auth_group_permissions" ("group_id", "permission_id");
CREATE INDEX IF NOT EXISTS "auth_group_permissions_group_id_b120cbf9" ON "auth_group_permissions" ("group_id");
CREATE INDEX IF NOT EXISTS "auth_group_permissions_permission_id_84c5c92e" ON "auth_group_permissions" ("permission_id");
CREATE UNIQUE INDEX "auth_permission_content_type_id_codename_01ab375a_uniq" ON "auth_permission" ("content_type_id", "codename");
CREATE INDEX IF NOT EXISTS "auth_permission_content_type_id_2f476e4b" ON "auth_permission" ("content_type_id");
CREATE UNIQUE INDEX "final_server_customuser_groups_customuser_id_group_id_d8730558_uniq" ON "final_server_customuser_groups" ("customuser_id", "group_id");
CREATE INDEX IF NOT EXISTS "final_server_customuser_groups_customuser_id_f9b240c2" ON "final_server_customuser_groups" ("customuser_id");
CREATE INDEX IF NOT EXISTS "final_server_customuser_groups_group_id_405c6147" ON "final_server_customuser_groups" ("group_id");
CREATE UNIQUE INDEX "final_server_customuser_user_permissions_customuser_id_permission_id_acc183c9_uniq" ON "final_server_customuser_user_permissions" ("customuser_id", "permission_id");
CREATE INDEX IF NOT EXISTS "final_server_customuser_user_permissions_customuser_id_6db2d22f" ON "final_server_customuser_user_permissions" ("customuser_id");
CREATE INDEX IF NOT EXISTS "final_server_customuser_user_permissions_permission_id_98412df0" ON "final_server_customuser_user_permissions" ("permission_id");
CREATE INDEX IF NOT EXISTS "final_server_group_owner_id_40711106" ON "final_server_group" ("owner_id");
CREATE INDEX IF NOT EXISTS "final_server_grouppermission_group_id_50ae954d" ON "final_server_grouppermission" ("group_id");
CREATE INDEX IF NOT EXISTS "final_server_grouppermission_user_id_38fdf058" ON "final_server_grouppermission" ("user_id");
CREATE INDEX IF NOT EXISTS "django_admin_log_content_type_id_c4bce8eb" ON "django_admin_log" ("content_type_id");
CREATE INDEX IF NOT EXISTS "django_admin_log_user_id_c564eba6" ON "django_admin_log" ("user_id");
CREATE INDEX IF NOT EXISTS "django_session_expire_date_a5c62663" ON "django_session" ("expire_date");
CREATE INDEX IF NOT EXISTS "final_server_usermessage_sender_id_2255fe9e" ON "final_server_usermessage" ("sender_id");
CREATE INDEX IF NOT EXISTS "final_server_usermessage_reciever_id_dd695415" ON "final_server_usermessage" ("reciever_id");
CREATE UNIQUE INDEX "final_server_grouppermission_group_id_user_id_cbffdb06_uniq" ON "final_server_grouppermission" ("group_id", "user_id");
CREATE INDEX IF NOT EXISTS "final_server_groupmessage_user_id_a9f551e9" ON "final_server_groupmessage" ("user_id");
CREATE INDEX IF NOT EXISTS "final_server_groupmessage_group_id_be6a7445" ON "final_server_groupmessage" ("group_id");
CREATE TABLE IF NOT EXISTS "auth_group_permissions" ("id" integer NOT NULL PRIMARY KEY AUTOINCREMENT, "group_id" integer NOT NULL REFERENCES "auth_group" ("id") DEFERRABLE INITIALLY DEFERRED, "permission_id" integer NOT NULL REFERENCES "auth_permission" ("id") DEFERRABLE INITIALLY DEFERRED);
CREATE UNIQUE INDEX "django_content_type_app_label_model_76bd3d3b_uniq" ON "django_content_type" ("app_label", "model");
CREATE UNIQUE INDEX "auth_group_permissions_group_id_permission_id_0cd325b0_uniq" ON "auth_group_permissions" ("group_id", "permission_id");
CREATE INDEX IF NOT EXISTS "auth_group_permissions_group_id_b120cbf9" ON "auth_group_permissions" ("group_id");
CREATE INDEX IF NOT EXISTS "auth_group_permissions_permission_id_84c5c92e" ON "auth_group_permissions" ("permission_id");
CREATE UNIQUE INDEX "auth_permission_content_type_id_codename_01ab375a_uniq" ON "auth_permission" ("content_type_id", "codename");
CREATE INDEX IF NOT EXISTS "auth_permission_content_type_id_2f476e4b" ON "auth_permission" ("content_type_id");
CREATE UNIQUE INDEX "final_server_customuser_groups_customuser_id_group_id_d8730558_uniq" ON "final_server_customuser_groups" ("customuser_id", "group_id");
CREATE INDEX IF NOT EXISTS "final_server_customuser_groups_customuser_id_f9b240c2" ON "final_server_customuser_groups" ("customuser_id");
CREATE INDEX IF NOT EXISTS "final_server_customuser_groups_group_id_405c6147" ON "final_server_customuser_groups" ("group_id");
CREATE UNIQUE INDEX "final_server_customuser_user_permissions_customuser_id_permission_id_acc183c9_uniq" ON "final_server_customuser_user_permissions" ("customuser_id", "permission_id");
CREATE INDEX IF NOT EXISTS "final_server_customuser_user_permissions_customuser_id_6db2d22f" ON "final_server_customuser_user_permissions" ("customuser_id");
CREATE INDEX IF NOT EXISTS "final_server_customuser_user_permissions_permission_id_98412df0" ON "final_server_customuser_user_permissions" ("permission_id");
CREATE INDEX IF NOT EXISTS "final_server_group_owner_id_40711106" ON "final_server_group" ("owner_id");
CREATE INDEX IF NOT EXISTS "final_server_grouppermission_group_id_50ae954d" ON "final_server_grouppermission" ("group_id");
CREATE INDEX IF NOT EXISTS "final_server_grouppermission_user_id_38fdf058" ON "final_server_grouppermission" ("user_id");
CREATE INDEX IF NOT EXISTS "django_admin_log_content_type_id_c4bce8eb" ON "django_admin_log" ("content_type_id");
CREATE INDEX IF NOT EXISTS "django_admin_log_user_id_c564eba6" ON "django_admin_log" ("user_id");
CREATE INDEX IF NOT EXISTS "django_session_expire_date_a5c62663" ON "django_session" ("expire_date");
CREATE INDEX IF NOT EXISTS "final_server_usermessage_sender_id_2255fe9e" ON "final_server_usermessage" ("sender_id");
CREATE INDEX IF NOT EXISTS "final_server_usermessage_reciever_id_dd695415" ON "final_server_usermessage" ("reciever_id");
CREATE UNIQUE INDEX "final_server_grouppermission_group_id_user_id_cbffdb06_uniq" ON "final_server_grouppermission" ("group_id", "user_id");
CREATE INDEX IF NOT EXISTS "final_server_groupmessage_user_id_a9f551e9" ON "final_server_groupmessage" ("user_id");
CREATE INDEX IF NOT EXISTS "final_server_groupmessage_group_id_be6a7445" ON "final_server_groupmessage" ("group_id");
CREATE TABLE IF NOT EXISTS "auth_permission" ("id" integer NOT NULL PRIMARY KEY AUTOINCREMENT, "content_type_id" integer NOT NULL REFERENCES "django_content_type" ("id") DEFERRABLE INITIALLY DEFERRED, "codename" varchar(100) NOT NULL, "name" varchar(255) NOT NULL);
INSERT INTO "auth_permission" VALUES(1,1,'add_logentry','Can add log entry');
INSERT INTO "auth_permission" VALUES(2,1,'change_logentry','Can change log entry');
INSERT INTO "auth_permission" VALUES(3,1,'delete_logentry','Can delete log entry');
INSERT INTO "auth_permission" VALUES(4,1,'view_logentry','Can view log entry');
INSERT INTO "auth_permission" VALUES(5,2,'add_permission','Can add permission');
INSERT INTO "auth_permission" VALUES(6,2,'change_permission','Can change permission');
INSERT INTO "auth_permission" VALUES(7,2,'delete_permission','Can delete permission');
INSERT INTO "auth_permission" VALUES(8,2,'view_permission','Can view permission');
INSERT INTO "auth_permission" VALUES(9,3,'add_group','Can add group');
INSERT INTO "auth_permission" VALUES(10,3,'change_group','Can change group');
INSERT INTO "auth_permission" VALUES(11,3,'delete_group','Can delete group');
INSERT INTO "auth_permission" VALUES(12,3,'view_group','Can view group');
INSERT INTO "auth_permission" VALUES(13,4,'add_contenttype','Can add content type');
INSERT INTO "auth_permission" VALUES(14,4,'change_contenttype','Can change content type');
INSERT INTO "auth_permission" VALUES(15,4,'delete_contenttype','Can delete content type');
INSERT INTO "auth_permission" VALUES(16,4,'view_contenttype','Can view content type');
INSERT INTO "auth_permission" VALUES(17,5,'add_session','Can add session');
INSERT INTO "auth_permission" VALUES(18,5,'change_session','Can change session');
INSERT INTO "auth_permission" VALUES(19,5,'delete_session','Can delete session');
INSERT INTO "auth_permission" VALUES(20,5,'view_session','Can view session');
INSERT INTO "auth_permission" VALUES(21,6,'add_customuser','Can add user');
INSERT INTO "auth_permission" VALUES(22,6,'change_customuser','Can change user');
INSERT INTO "auth_permission" VALUES(23,6,'delete_customuser','Can delete user');
INSERT INTO "auth_permission" VALUES(24,6,'view_customuser','Can view user');
INSERT INTO "auth_permission" VALUES(25,7,'add_group','Can add group');
INSERT INTO "auth_permission" VALUES(26,7,'change_group','Can change group');
INSERT INTO "auth_permission" VALUES(27,7,'delete_group','Can delete group');
INSERT INTO "auth_permission" VALUES(28,7,'view_group','Can view group');
INSERT INTO "auth_permission" VALUES(29,8,'add_grouppermission','Can add group permission');
INSERT INTO "auth_permission" VALUES(30,8,'change_grouppermission','Can change group permission');
INSERT INTO "auth_permission" VALUES(31,8,'delete_grouppermission','Can delete group permission');
INSERT INTO "auth_permission" VALUES(32,8,'view_grouppermission','Can view group permission');
INSERT INTO "auth_permission" VALUES(33,9,'add_groupmessage','Can add group message');
INSERT INTO "auth_permission" VALUES(34,9,'change_groupmessage','Can change group message');
INSERT INTO "auth_permission" VALUES(35,9,'delete_groupmessage','Can delete group message');
INSERT INTO "auth_permission" VALUES(36,9,'view_groupmessage','Can view group message');
INSERT INTO "auth_permission" VALUES(37,10,'add_usermessage','Can add user message');
INSERT INTO "auth_permission" VALUES(38,10,'change_usermessage','Can change user message');
INSERT INTO "auth_permission" VALUES(39,10,'delete_usermessage','Can delete user message');
INSERT INTO "auth_permission" VALUES(40,10,'view_usermessage','Can view user message');
INSERT INTO "auth_permission" VALUES(41,11,'add_loginattempt','Can add login attempt');
INSERT INTO "auth_permission" VALUES(42,11,'change_loginattempt','Can change login attempt');
INSERT INTO "auth_permission" VALUES(43,11,'delete_loginattempt','Can delete login attempt');
INSERT INTO "auth_permission" VALUES(44,11,'view_loginattempt','Can view login attempt');
CREATE UNIQUE INDEX "django_content_type_app_label_model_76bd3d3b_uniq" ON "django_content_type" ("app_label", "model");
CREATE UNIQUE INDEX "auth_group_permissions_group_id_permission_id_0cd325b0_uniq" ON "auth_group_permissions" ("group_id", "permission_id");
CREATE INDEX IF NOT EXISTS "auth_group_permissions_group_id_b120cbf9" ON "auth_group_permissions" ("group_id");
CREATE INDEX IF NOT EXISTS "auth_group_permissions_permission_id_84c5c92e" ON "auth_group_permissions" ("permission_id");
CREATE UNIQUE INDEX "auth_permission_content_type_id_codename_01ab375a_uniq" ON "auth_permission" ("content_type_id", "codename");
CREATE INDEX IF NOT EXISTS "auth_permission_content_type_id_2f476e4b" ON "auth_permission" ("content_type_id");
CREATE UNIQUE INDEX "final_server_customuser_groups_customuser_id_group_id_d8730558_uniq" ON "final_server_customuser_groups" ("customuser_id", "group_id");
CREATE INDEX IF NOT EXISTS "final_server_customuser_groups_customuser_id_f9b240c2" ON "final_server_customuser_groups" ("customuser_id");
CREATE INDEX IF NOT EXISTS "final_server_customuser_groups_group_id_405c6147" ON "final_server_customuser_groups" ("group_id");
CREATE UNIQUE INDEX "final_server_customuser_user_permissions_customuser_id_permission_id_acc183c9_uniq" ON "final_server_customuser_user_permissions" ("customuser_id", "permission_id");
CREATE INDEX IF NOT EXISTS "final_server_customuser_user_permissions_customuser_id_6db2d22f" ON "final_server_customuser_user_permissions" ("customuser_id");
CREATE INDEX IF NOT EXISTS "final_server_customuser_user_permissions_permission_id_98412df0" ON "final_server_customuser_user_permissions" ("permission_id");
CREATE INDEX IF NOT EXISTS "final_server_group_owner_id_40711106" ON "final_server_group" ("owner_id");
CREATE INDEX IF NOT EXISTS "final_server_grouppermission_group_id_50ae954d" ON "final_server_grouppermission" ("group_id");
CREATE INDEX IF NOT EXISTS "final_server_grouppermission_user_id_38fdf058" ON "final_server_grouppermission" ("user_id");
CREATE INDEX IF NOT EXISTS "django_admin_log_content_type_id_c4bce8eb" ON "django_admin_log" ("content_type_id");
CREATE INDEX IF NOT EXISTS "django_admin_log_user_id_c564eba6" ON "django_admin_log" ("user_id");
CREATE INDEX IF NOT EXISTS "django_session_expire_date_a5c62663" ON "django_session" ("expire_date");
CREATE INDEX IF NOT EXISTS "final_server_usermessage_sender_id_2255fe9e" ON "final_server_usermessage" ("sender_id");
CREATE INDEX IF NOT EXISTS "final_server_usermessage_reciever_id_dd695415" ON "final_server_usermessage" ("reciever_id");
CREATE UNIQUE INDEX "final_server_grouppermission_group_id_user_id_cbffdb06_uniq" ON "final_server_grouppermission" ("group_id", "user_id");
CREATE INDEX IF NOT EXISTS "final_server_groupmessage_user_id_a9f551e9" ON "final_server_groupmessage" ("user_id");
CREATE INDEX IF NOT EXISTS "final_server_groupmessage_group_id_be6a7445" ON "final_server_groupmessage" ("group_id");
CREATE TABLE IF NOT EXISTS "django_admin_log" ("id" integer NOT NULL PRIMARY KEY AUTOINCREMENT, "action_time" datetime NOT NULL, "object_id" text NULL, "object_repr" varchar(200) NOT NULL, "change_message" text NOT NULL, "content_type_id" integer NULL REFERENCES "django_content_type" ("id") DEFERRABLE INITIALLY DEFERRED, "user_id" varchar(250) NOT NULL REFERENCES "final_server_customuser" ("username") DEFERRABLE INITIALLY DEFERRED, "action_flag" smallint unsigned NOT NULL CHECK ("action_flag" >= 0));
INSERT INTO "django_admin_log" VALUES(1,'2022-01-22 08:44:57.609680','sdsdfsfsdf','sdsdfsfsdf','',6,'admin',3);
INSERT INTO "django_admin_log" VALUES(2,'2022-01-25 07:17:00.002410','pourya','pourya','[{"changed": {"fields": ["is_active"]}}]',6,'admin',2);
INSERT INTO "django_admin_log" VALUES(3,'2022-01-25 07:17:04.032032','hamid','hamid','[{"changed": {"fields": ["is_active"]}}]',6,'admin',2);
INSERT INTO "django_admin_log" VALUES(4,'2022-01-28 00:09:20.188320','3','GroupPermission object (3)','',8,'admin',3);
INSERT INTO "django_admin_log" VALUES(5,'2022-01-28 00:09:20.192451','2','GroupPermission object (2)','',8,'admin',3);
INSERT INTO "django_admin_log" VALUES(6,'2022-01-28 00:09:20.196421','1','GroupPermission object (1)','',8,'admin',3);
INSERT INTO "django_admin_log" VALUES(7,'2022-01-28 00:45:46.402658','8','8','',7,'admin',3);
INSERT INTO "django_admin_log" VALUES(8,'2022-01-28 00:45:46.407618','7','7','',7,'admin',3);
INSERT INTO "django_admin_log" VALUES(9,'2022-01-28 00:45:46.411828','6','6','',7,'admin',3);
INSERT INTO "django_admin_log" VALUES(10,'2022-01-28 00:45:46.417780','5','5','',7,'admin',3);
INSERT INTO "django_admin_log" VALUES(11,'2022-01-28 00:45:46.421884','4','4','',7,'admin',3);
INSERT INTO "django_admin_log" VALUES(12,'2022-01-28 00:45:46.429850','3','3','',7,'admin',3);
INSERT INTO "django_admin_log" VALUES(13,'2022-01-28 00:45:46.433789','2','2','',7,'admin',3);
INSERT INTO "django_admin_log" VALUES(14,'2022-01-28 00:45:46.437757','1','1','',7,'admin',3);
INSERT INTO "django_admin_log" VALUES(15,'2022-01-28 00:45:56.242022','9','9','[{"added": {}}]',7,'admin',1);
INSERT INTO "django_admin_log" VALUES(16,'2022-01-28 00:46:09.268308','6','GroupPermission object (6)','[{"added": {}}]',8,'admin',1);
INSERT INTO "django_admin_log" VALUES(17,'2022-01-28 00:46:19.836053','7','GroupPermission object (7)','[{"added": {}}]',8,'admin',1);
INSERT INTO "django_admin_log" VALUES(18,'2022-01-28 00:46:27.810977','8','GroupPermission object (8)','[{"added": {}}]',8,'admin',1);
INSERT INTO "django_admin_log" VALUES(19,'2022-01-28 00:48:02.023865','1','GroupMessage object (1)','[{"added": {}}]',9,'admin',1);
INSERT INTO "django_admin_log" VALUES(20,'2022-01-28 01:30:25.629461','hamid','hamid','[{"changed": {"fields": ["password"]}}]',6,'admin',2);
INSERT INTO "django_admin_log" VALUES(21,'2022-01-28 01:31:08.250379','hamid2','hamid2','[{"added": {}}]',6,'admin',1);
INSERT INTO "django_admin_log" VALUES(22,'2022-01-28 01:31:49.770955','hamid2','hamid2','[{"changed": {"fields": ["is_superuser", "is_staff"]}}]',6,'admin',2);
INSERT INTO "django_admin_log" VALUES(23,'2022-01-28 01:32:08.277317','hamid2','hamid2','',6,'admin',3);
INSERT INTO "django_admin_log" VALUES(24,'2022-01-28 01:32:08.281081','hamid','hamid','',6,'admin',3);
INSERT INTO "django_admin_log" VALUES(25,'2022-01-28 01:32:20.321012','7','GroupPermission object (7)','[{"changed": {"fields": ["biba", "blp"]}}]',8,'admin',2);
INSERT INTO "django_admin_log" VALUES(26,'2022-01-28 01:33:44.608585','7','GroupPermission object (7)','[{"changed": {"fields": ["biba", "blp"]}}]',8,'admin',2);
INSERT INTO "django_admin_log" VALUES(27,'2022-01-28 01:35:26.753550','7','GroupPermission object (7)','[{"changed": {"fields": ["biba"]}}]',8,'admin',2);
INSERT INTO "django_admin_log" VALUES(28,'2022-01-28 20:28:25.849463','7','GroupPermission object (7)','[]',8,'admin',2);
INSERT INTO "django_admin_log" VALUES(29,'2022-01-29 09:59:48.588320','admin2','admin2','',6,'admin',3);
INSERT INTO "django_admin_log" VALUES(30,'2022-01-29 10:13:46.364139','adminnnn','adminnnn','',6,'admin',3);
INSERT INTO "django_admin_log" VALUES(31,'2022-01-29 10:13:46.368697','adminnn','adminnn','',6,'admin',3);
INSERT INTO "django_admin_log" VALUES(32,'2022-01-29 10:19:41.666744','admin2','admin2','',6,'admin',3);
INSERT INTO "django_admin_log" VALUES(33,'2022-01-29 12:07:39.699113','hamid','hamid','[{"added": {}}]',6,'admin',1);
INSERT INTO "django_admin_log" VALUES(34,'2022-01-29 12:39:09.764910','6','GroupPermission object (6)','[{"changed": {"fields": ["blp"]}}]',8,'admin',2);
INSERT INTO "django_admin_log" VALUES(35,'2022-01-29 12:39:40.597331','6','GroupPermission object (6)','[{"changed": {"fields": ["biba", "blp"]}}]',8,'admin',2);
INSERT INTO "django_admin_log" VALUES(36,'2022-01-29 12:51:14.964970','6','GroupPermission object (6)','[{"changed": {"fields": ["biba"]}}]',8,'admin',2);
INSERT INTO "django_admin_log" VALUES(37,'2022-01-29 12:53:49.652832','6','GroupPermission object (6)','[{"changed": {"fields": ["biba", "blp"]}}]',8,'admin',2);
INSERT INTO "django_admin_log" VALUES(38,'2022-01-29 12:54:15.332304','6','GroupPermission object (6)','[{"changed": {"fields": ["biba"]}}]',8,'admin',2);
INSERT INTO "django_admin_log" VALUES(39,'2022-01-29 12:54:36.524163','6','GroupPermission object (6)','[{"changed": {"fields": ["biba", "blp"]}}]',8,'admin',2);
INSERT INTO "django_admin_log" VALUES(40,'2022-01-29 12:56:37.676780','6','GroupPermission object (6)','[{"changed": {"fields": ["blp"]}}]',8,'admin',2);
INSERT INTO "django_admin_log" VALUES(41,'2022-01-29 12:57:02.267864','6','GroupPermission object (6)','[{"changed": {"fields": ["biba", "blp"]}}]',8,'admin',2);
INSERT INTO "django_admin_log" VALUES(42,'2022-01-29 15:08:00.378901','11','11','',7,'admin',3);
INSERT INTO "django_admin_log" VALUES(43,'2022-01-29 15:08:00.382869','10','10','',7,'admin',3);
INSERT INTO "django_admin_log" VALUES(44,'2022-01-29 15:08:00.386340','9','9','',7,'admin',3);
INSERT INTO "django_admin_log" VALUES(45,'2022-01-29 16:27:52.333810','16','16','',7,'admin',3);
INSERT INTO "django_admin_log" VALUES(46,'2022-01-29 16:27:52.337779','15','15','',7,'admin',3);
INSERT INTO "django_admin_log" VALUES(47,'2022-01-29 16:27:52.341746','14','14','',7,'admin',3);
INSERT INTO "django_admin_log" VALUES(48,'2022-01-29 16:27:52.345218','13','13','',7,'admin',3);
INSERT INTO "django_admin_log" VALUES(49,'2022-01-29 16:27:52.349000','12','12','',7,'admin',3);
INSERT INTO "django_admin_log" VALUES(50,'2022-01-29 17:03:48.099042','26','GroupPermission object (26)','[{"changed": {"fields": ["biba"]}}]',8,'admin',2);
CREATE UNIQUE INDEX "django_content_type_app_label_model_76bd3d3b_uniq" ON "django_content_type" ("app_label", "model");
CREATE UNIQUE INDEX "auth_group_permissions_group_id_permission_id_0cd325b0_uniq" ON "auth_group_permissions" ("group_id", "permission_id");
CREATE INDEX IF NOT EXISTS "auth_group_permissions_group_id_b120cbf9" ON "auth_group_permissions" ("group_id");
CREATE INDEX IF NOT EXISTS "auth_group_permissions_permission_id_84c5c92e" ON "auth_group_permissions" ("permission_id");
CREATE UNIQUE INDEX "auth_permission_content_type_id_codename_01ab375a_uniq" ON "auth_permission" ("content_type_id", "codename");
CREATE INDEX IF NOT EXISTS "auth_permission_content_type_id_2f476e4b" ON "auth_permission" ("content_type_id");
CREATE UNIQUE INDEX "final_server_customuser_groups_customuser_id_group_id_d8730558_uniq" ON "final_server_customuser_groups" ("customuser_id", "group_id");
CREATE INDEX IF NOT EXISTS "final_server_customuser_groups_customuser_id_f9b240c2" ON "final_server_customuser_groups" ("customuser_id");
CREATE INDEX IF NOT EXISTS "final_server_customuser_groups_group_id_405c6147" ON "final_server_customuser_groups" ("group_id");
CREATE UNIQUE INDEX "final_server_customuser_user_permissions_customuser_id_permission_id_acc183c9_uniq" ON "final_server_customuser_user_permissions" ("customuser_id", "permission_id");
CREATE INDEX IF NOT EXISTS "final_server_customuser_user_permissions_customuser_id_6db2d22f" ON "final_server_customuser_user_permissions" ("customuser_id");
CREATE INDEX IF NOT EXISTS "final_server_customuser_user_permissions_permission_id_98412df0" ON "final_server_customuser_user_permissions" ("permission_id");
CREATE INDEX IF NOT EXISTS "final_server_group_owner_id_40711106" ON "final_server_group" ("owner_id");
CREATE INDEX IF NOT EXISTS "final_server_grouppermission_group_id_50ae954d" ON "final_server_grouppermission" ("group_id");
CREATE INDEX IF NOT EXISTS "final_server_grouppermission_user_id_38fdf058" ON "final_server_grouppermission" ("user_id");
CREATE INDEX IF NOT EXISTS "django_admin_log_content_type_id_c4bce8eb" ON "django_admin_log" ("content_type_id");
CREATE INDEX IF NOT EXISTS "django_admin_log_user_id_c564eba6" ON "django_admin_log" ("user_id");
CREATE INDEX IF NOT EXISTS "django_session_expire_date_a5c62663" ON "django_session" ("expire_date");
CREATE INDEX IF NOT EXISTS "final_server_usermessage_sender_id_2255fe9e" ON "final_server_usermessage" ("sender_id");
CREATE INDEX IF NOT EXISTS "final_server_usermessage_reciever_id_dd695415" ON "final_server_usermessage" ("reciever_id");
CREATE UNIQUE INDEX "final_server_grouppermission_group_id_user_id_cbffdb06_uniq" ON "final_server_grouppermission" ("group_id", "user_id");
CREATE INDEX IF NOT EXISTS "final_server_groupmessage_user_id_a9f551e9" ON "final_server_groupmessage" ("user_id");
CREATE INDEX IF NOT EXISTS "final_server_groupmessage_group_id_be6a7445" ON "final_server_groupmessage" ("group_id");
CREATE TABLE IF NOT EXISTS "django_content_type" ("id" integer NOT NULL PRIMARY KEY AUTOINCREMENT, "app_label" varchar(100) NOT NULL, "model" varchar(100) NOT NULL);
INSERT INTO "django_content_type" VALUES(1,'admin','logentry');
INSERT INTO "django_content_type" VALUES(2,'auth','permission');
INSERT INTO "django_content_type" VALUES(3,'auth','group');
INSERT INTO "django_content_type" VALUES(4,'contenttypes','contenttype');
INSERT INTO "django_content_type" VALUES(5,'sessions','session');
INSERT INTO "django_content_type" VALUES(6,'final_server','customuser');
INSERT INTO "django_content_type" VALUES(7,'final_server','group');
INSERT INTO "django_content_type" VALUES(8,'final_server','grouppermission');
INSERT INTO "django_content_type" VALUES(9,'final_server','groupmessage');
INSERT INTO "django_content_type" VALUES(10,'final_server','usermessage');
INSERT INTO "django_content_type" VALUES(11,'admin_honeypot','loginattempt');
CREATE UNIQUE INDEX "django_content_type_app_label_model_76bd3d3b_uniq" ON "django_content_type" ("app_label", "model");
CREATE UNIQUE INDEX "auth_group_permissions_group_id_permission_id_0cd325b0_uniq" ON "auth_group_permissions" ("group_id", "permission_id");
CREATE INDEX IF NOT EXISTS "auth_group_permissions_group_id_b120cbf9" ON "auth_group_permissions" ("group_id");
CREATE INDEX IF NOT EXISTS "auth_group_permissions_permission_id_84c5c92e" ON "auth_group_permissions" ("permission_id");
CREATE UNIQUE INDEX "auth_permission_content_type_id_codename_01ab375a_uniq" ON "auth_permission" ("content_type_id", "codename");
CREATE INDEX IF NOT EXISTS "auth_permission_content_type_id_2f476e4b" ON "auth_permission" ("content_type_id");
CREATE UNIQUE INDEX "final_server_customuser_groups_customuser_id_group_id_d8730558_uniq" ON "final_server_customuser_groups" ("customuser_id", "group_id");
CREATE INDEX IF NOT EXISTS "final_server_customuser_groups_customuser_id_f9b240c2" ON "final_server_customuser_groups" ("customuser_id");
CREATE INDEX IF NOT EXISTS "final_server_customuser_groups_group_id_405c6147" ON "final_server_customuser_groups" ("group_id");
CREATE UNIQUE INDEX "final_server_customuser_user_permissions_customuser_id_permission_id_acc183c9_uniq" ON "final_server_customuser_user_permissions" ("customuser_id", "permission_id");
CREATE INDEX IF NOT EXISTS "final_server_customuser_user_permissions_customuser_id_6db2d22f" ON "final_server_customuser_user_permissions" ("customuser_id");
CREATE INDEX IF NOT EXISTS "final_server_customuser_user_permissions_permission_id_98412df0" ON "final_server_customuser_user_permissions" ("permission_id");
CREATE INDEX IF NOT EXISTS "final_server_group_owner_id_40711106" ON "final_server_group" ("owner_id");
CREATE INDEX IF NOT EXISTS "final_server_grouppermission_group_id_50ae954d" ON "final_server_grouppermission" ("group_id");
CREATE INDEX IF NOT EXISTS "final_server_grouppermission_user_id_38fdf058" ON "final_server_grouppermission" ("user_id");
CREATE INDEX IF NOT EXISTS "django_admin_log_content_type_id_c4bce8eb" ON "django_admin_log" ("content_type_id");
CREATE INDEX IF NOT EXISTS "django_admin_log_user_id_c564eba6" ON "django_admin_log" ("user_id");
CREATE INDEX IF NOT EXISTS "django_session_expire_date_a5c62663" ON "django_session" ("expire_date");
CREATE INDEX IF NOT EXISTS "final_server_usermessage_sender_id_2255fe9e" ON "final_server_usermessage" ("sender_id");
CREATE INDEX IF NOT EXISTS "final_server_usermessage_reciever_id_dd695415" ON "final_server_usermessage" ("reciever_id");
CREATE UNIQUE INDEX "final_server_grouppermission_group_id_user_id_cbffdb06_uniq" ON "final_server_grouppermission" ("group_id", "user_id");
CREATE INDEX IF NOT EXISTS "final_server_groupmessage_user_id_a9f551e9" ON "final_server_groupmessage" ("user_id");
CREATE INDEX IF NOT EXISTS "final_server_groupmessage_group_id_be6a7445" ON "final_server_groupmessage" ("group_id");
CREATE TABLE IF NOT EXISTS "django_migrations" ("id" integer NOT NULL PRIMARY KEY AUTOINCREMENT, "app" varchar(255) NOT NULL, "name" varchar(255) NOT NULL, "applied" datetime NOT NULL);
INSERT INTO "django_migrations" VALUES(1,'contenttypes','0001_initial','2022-01-21 17:06:38.840953');
INSERT INTO "django_migrations" VALUES(2,'contenttypes','0002_remove_content_type_name','2022-01-21 17:06:38.856863');
INSERT INTO "django_migrations" VALUES(3,'auth','0001_initial','2022-01-21 17:06:38.868435');
INSERT INTO "django_migrations" VALUES(4,'auth','0002_alter_permission_name_max_length','2022-01-21 17:06:38.876421');
INSERT INTO "django_migrations" VALUES(5,'auth','0003_alter_user_email_max_length','2022-01-21 17:06:38.882750');
INSERT INTO "django_migrations" VALUES(6,'auth','0004_alter_user_username_opts','2022-01-21 17:06:38.889198');
INSERT INTO "django_migrations" VALUES(7,'auth','0005_alter_user_last_login_null','2022-01-21 17:06:38.895646');
INSERT INTO "django_migrations" VALUES(8,'auth','0006_require_contenttypes_0002','2022-01-21 17:06:38.899615');
INSERT INTO "django_migrations" VALUES(9,'auth','0007_alter_validators_add_error_messages','2022-01-21 17:06:38.905566');
INSERT INTO "django_migrations" VALUES(10,'auth','0008_alter_user_username_max_length','2022-01-21 17:06:38.912510');
INSERT INTO "django_migrations" VALUES(11,'auth','0009_alter_user_last_name_max_length','2022-01-21 17:06:38.918958');
INSERT INTO "django_migrations" VALUES(12,'auth','0010_alter_group_name_max_length','2022-01-21 17:06:38.926894');
INSERT INTO "django_migrations" VALUES(13,'auth','0011_update_proxy_permissions','2022-01-21 17:06:38.932774');
INSERT INTO "django_migrations" VALUES(14,'final_server','0001_initial','2022-01-21 17:06:38.953606');
INSERT INTO "django_migrations" VALUES(15,'admin','0001_initial','2022-01-21 17:06:38.964157');
INSERT INTO "django_migrations" VALUES(16,'admin','0002_logentry_remove_auto_add','2022-01-21 17:06:38.975624');
INSERT INTO "django_migrations" VALUES(17,'admin','0003_logentry_add_action_flag_choices','2022-01-21 17:06:38.989479');
INSERT INTO "django_migrations" VALUES(18,'sessions','0001_initial','2022-01-21 17:06:38.994030');
INSERT INTO "django_migrations" VALUES(19,'final_server','0002_usermessage','2022-01-22 08:48:55.645708');
INSERT INTO "django_migrations" VALUES(20,'final_server','0003_auto_20220125_1041','2022-01-25 07:11:34.375294');
INSERT INTO "django_migrations" VALUES(21,'final_server','0004_auto_20220128_0339','2022-01-28 00:09:42.067408');
INSERT INTO "django_migrations" VALUES(22,'final_server','0005_groupmessage_group','2022-01-28 00:47:44.481728');
INSERT INTO "django_migrations" VALUES(23,'admin_honeypot','0001_initial','2022-01-30 06:38:22.023441');
INSERT INTO "django_migrations" VALUES(24,'admin_honeypot','0002_auto_20160208_0854','2022-01-30 06:38:22.033858');
CREATE UNIQUE INDEX "django_content_type_app_label_model_76bd3d3b_uniq" ON "django_content_type" ("app_label", "model");
CREATE UNIQUE INDEX "auth_group_permissions_group_id_permission_id_0cd325b0_uniq" ON "auth_group_permissions" ("group_id", "permission_id");
CREATE INDEX IF NOT EXISTS "auth_group_permissions_group_id_b120cbf9" ON "auth_group_permissions" ("group_id");
CREATE INDEX IF NOT EXISTS "auth_group_permissions_permission_id_84c5c92e" ON "auth_group_permissions" ("permission_id");
CREATE UNIQUE INDEX "auth_permission_content_type_id_codename_01ab375a_uniq" ON "auth_permission" ("content_type_id", "codename");
CREATE INDEX IF NOT EXISTS "auth_permission_content_type_id_2f476e4b" ON "auth_permission" ("content_type_id");
CREATE UNIQUE INDEX "final_server_customuser_groups_customuser_id_group_id_d8730558_uniq" ON "final_server_customuser_groups" ("customuser_id", "group_id");
CREATE INDEX IF NOT EXISTS "final_server_customuser_groups_customuser_id_f9b240c2" ON "final_server_customuser_groups" ("customuser_id");
CREATE INDEX IF NOT EXISTS "final_server_customuser_groups_group_id_405c6147" ON "final_server_customuser_groups" ("group_id");
CREATE UNIQUE INDEX "final_server_customuser_user_permissions_customuser_id_permission_id_acc183c9_uniq" ON "final_server_customuser_user_permissions" ("customuser_id", "permission_id");
CREATE INDEX IF NOT EXISTS "final_server_customuser_user_permissions_customuser_id_6db2d22f" ON "final_server_customuser_user_permissions" ("customuser_id");
CREATE INDEX IF NOT EXISTS "final_server_customuser_user_permissions_permission_id_98412df0" ON "final_server_customuser_user_permissions" ("permission_id");
CREATE INDEX IF NOT EXISTS "final_server_group_owner_id_40711106" ON "final_server_group" ("owner_id");
CREATE INDEX IF NOT EXISTS "final_server_grouppermission_group_id_50ae954d" ON "final_server_grouppermission" ("group_id");
CREATE INDEX IF NOT EXISTS "final_server_grouppermission_user_id_38fdf058" ON "final_server_grouppermission" ("user_id");
CREATE INDEX IF NOT EXISTS "django_admin_log_content_type_id_c4bce8eb" ON "django_admin_log" ("content_type_id");
CREATE INDEX IF NOT EXISTS "django_admin_log_user_id_c564eba6" ON "django_admin_log" ("user_id");
CREATE INDEX IF NOT EXISTS "django_session_expire_date_a5c62663" ON "django_session" ("expire_date");
CREATE INDEX IF NOT EXISTS "final_server_usermessage_sender_id_2255fe9e" ON "final_server_usermessage" ("sender_id");
CREATE INDEX IF NOT EXISTS "final_server_usermessage_reciever_id_dd695415" ON "final_server_usermessage" ("reciever_id");
CREATE UNIQUE INDEX "final_server_grouppermission_group_id_user_id_cbffdb06_uniq" ON "final_server_grouppermission" ("group_id", "user_id");
CREATE INDEX IF NOT EXISTS "final_server_groupmessage_user_id_a9f551e9" ON "final_server_groupmessage" ("user_id");
CREATE INDEX IF NOT EXISTS "final_server_groupmessage_group_id_be6a7445" ON "final_server_groupmessage" ("group_id");
CREATE TABLE IF NOT EXISTS "django_session" ("session_key" varchar(40) NOT NULL PRIMARY KEY, "session_data" text NOT NULL, "expire_date" datetime NOT NULL);
INSERT INTO "django_session" VALUES('zhdht49gqnun0346c6x4yezbwyiubkek','MmY5MWIzNzI0YWYxZjZkNDRjYThkMTcxOGViY2ZkZDU5MjI5OTk3MTp7Il9hdXRoX3VzZXJfaWQiOiJhZG1pbiIsIl9hdXRoX3VzZXJfYmFja2VuZCI6ImRqYW5nby5jb250cmliLmF1dGguYmFja2VuZHMuTW9kZWxCYWNrZW5kIiwiX2F1dGhfdXNlcl9oYXNoIjoiMzEwYTE2ZGJhNDEwMzAwNmRiMWVlYTU3NDIwMjJmMzcyZDkyOTRlZiJ9','2022-02-04 17:07:08.565254');
CREATE UNIQUE INDEX "django_content_type_app_label_model_76bd3d3b_uniq" ON "django_content_type" ("app_label", "model");
CREATE UNIQUE INDEX "auth_group_permissions_group_id_permission_id_0cd325b0_uniq" ON "auth_group_permissions" ("group_id", "permission_id");
CREATE INDEX IF NOT EXISTS "auth_group_permissions_group_id_b120cbf9" ON "auth_group_permissions" ("group_id");
CREATE INDEX IF NOT EXISTS "auth_group_permissions_permission_id_84c5c92e" ON "auth_group_permissions" ("permission_id");
CREATE UNIQUE INDEX "auth_permission_content_type_id_codename_01ab375a_uniq" ON "auth_permission" ("content_type_id", "codename");
CREATE INDEX IF NOT EXISTS "auth_permission_content_type_id_2f476e4b" ON "auth_permission" ("content_type_id");
CREATE UNIQUE INDEX "final_server_customuser_groups_customuser_id_group_id_d8730558_uniq" ON "final_server_customuser_groups" ("customuser_id", "group_id");
CREATE INDEX IF NOT EXISTS "final_server_customuser_groups_customuser_id_f9b240c2" ON "final_server_customuser_groups" ("customuser_id");
CREATE INDEX IF NOT EXISTS "final_server_customuser_groups_group_id_405c6147" ON "final_server_customuser_groups" ("group_id");
CREATE UNIQUE INDEX "final_server_customuser_user_permissions_customuser_id_permission_id_acc183c9_uniq" ON "final_server_customuser_user_permissions" ("customuser_id", "permission_id");
CREATE INDEX IF NOT EXISTS "final_server_customuser_user_permissions_customuser_id_6db2d22f" ON "final_server_customuser_user_permissions" ("customuser_id");
CREATE INDEX IF NOT EXISTS "final_server_customuser_user_permissions_permission_id_98412df0" ON "final_server_customuser_user_permissions" ("permission_id");
CREATE INDEX IF NOT EXISTS "final_server_group_owner_id_40711106" ON "final_server_group" ("owner_id");
CREATE INDEX IF NOT EXISTS "final_server_grouppermission_group_id_50ae954d" ON "final_server_grouppermission" ("group_id");
CREATE INDEX IF NOT EXISTS "final_server_grouppermission_user_id_38fdf058" ON "final_server_grouppermission" ("user_id");
CREATE INDEX IF NOT EXISTS "django_admin_log_content_type_id_c4bce8eb" ON "django_admin_log" ("content_type_id");
CREATE INDEX IF NOT EXISTS "django_admin_log_user_id_c564eba6" ON "django_admin_log" ("user_id");
CREATE INDEX IF NOT EXISTS "django_session_expire_date_a5c62663" ON "django_session" ("expire_date");
CREATE INDEX IF NOT EXISTS "final_server_usermessage_sender_id_2255fe9e" ON "final_server_usermessage" ("sender_id");
CREATE INDEX IF NOT EXISTS "final_server_usermessage_reciever_id_dd695415" ON "final_server_usermessage" ("reciever_id");
CREATE UNIQUE INDEX "final_server_grouppermission_group_id_user_id_cbffdb06_uniq" ON "final_server_grouppermission" ("group_id", "user_id");
CREATE INDEX IF NOT EXISTS "final_server_groupmessage_user_id_a9f551e9" ON "final_server_groupmessage" ("user_id");
CREATE INDEX IF NOT EXISTS "final_server_groupmessage_group_id_be6a7445" ON "final_server_groupmessage" ("group_id");
CREATE TABLE IF NOT EXISTS "final_server_customuser" ("last_login" datetime NULL, "is_superuser" bool NOT NULL, "first_name" varchar(30) NOT NULL, "last_name" varchar(150) NOT NULL, "email" varchar(254) NOT NULL, "is_staff" bool NOT NULL, "is_active" bool NOT NULL, "date_joined" datetime NOT NULL, "username" varchar(250) NOT NULL PRIMARY KEY, "password" varchar(250) NOT NULL);
INSERT INTO "final_server_customuser" VALUES('2022-01-21 17:07:08.560293',1,'','','',1,1,'2022-01-21 17:06:51.156892','admin','pbkdf2_sha256$150000$15iRYjrdH4yw$p7DRVxMs63MlJH5XcCD3uS7kLILhtMkZzSV96Rz3eYU=');
INSERT INTO "final_server_customuser" VALUES(NULL,0,'','','pour.pourya1999@gmail.com',0,1,'2022-01-25 06:59:04','pourya','pbkdf2_sha256$150000$hEDV4Io8en0y$dUPGIMJY6T0Zqi9D7imKuhe6wXC/g+3kJgelcTvdmwo=');
INSERT INTO "final_server_customuser" VALUES(NULL,0,'','','',0,1,'2022-01-29 10:19:59.863754','admin2','pbkdf2_sha256$150000$iInN49RXPKtZ$h9FDD+77zG1Bmd+VfM9RtUHv/hSNqyzCfQHaYivkua0=');
INSERT INTO "final_server_customuser" VALUES(NULL,0,'','','',0,1,'2022-01-29 12:07:29','hamid','admin');
INSERT INTO "final_server_customuser" VALUES(NULL,0,'','','',0,1,'2022-01-29 16:06:15.231980','pourya_p','pbkdf2_sha256$150000$yYEulcwqwwIW$Xv+B7LM215zssarzW+9UH5/tXKi/1VC79cHy80/ae8c=');
CREATE UNIQUE INDEX "django_content_type_app_label_model_76bd3d3b_uniq" ON "django_content_type" ("app_label", "model");
CREATE UNIQUE INDEX "auth_group_permissions_group_id_permission_id_0cd325b0_uniq" ON "auth_group_permissions" ("group_id", "permission_id");
CREATE INDEX IF NOT EXISTS "auth_group_permissions_group_id_b120cbf9" ON "auth_group_permissions" ("group_id");
CREATE INDEX IF NOT EXISTS "auth_group_permissions_permission_id_84c5c92e" ON "auth_group_permissions" ("permission_id");
CREATE UNIQUE INDEX "auth_permission_content_type_id_codename_01ab375a_uniq" ON "auth_permission" ("content_type_id", "codename");
CREATE INDEX IF NOT EXISTS "auth_permission_content_type_id_2f476e4b" ON "auth_permission" ("content_type_id");
CREATE UNIQUE INDEX "final_server_customuser_groups_customuser_id_group_id_d8730558_uniq" ON "final_server_customuser_groups" ("customuser_id", "group_id");
CREATE INDEX IF NOT EXISTS "final_server_customuser_groups_customuser_id_f9b240c2" ON "final_server_customuser_groups" ("customuser_id");
CREATE INDEX IF NOT EXISTS "final_server_customuser_groups_group_id_405c6147" ON "final_server_customuser_groups" ("group_id");
CREATE UNIQUE INDEX "final_server_customuser_user_permissions_customuser_id_permission_id_acc183c9_uniq" ON "final_server_customuser_user_permissions" ("customuser_id", "permission_id");
CREATE INDEX IF NOT EXISTS "final_server_customuser_user_permissions_customuser_id_6db2d22f" ON "final_server_customuser_user_permissions" ("customuser_id");
CREATE INDEX IF NOT EXISTS "final_server_customuser_user_permissions_permission_id_98412df0" ON "final_server_customuser_user_permissions" ("permission_id");
CREATE INDEX IF NOT EXISTS "final_server_group_owner_id_40711106" ON "final_server_group" ("owner_id");
CREATE INDEX IF NOT EXISTS "final_server_grouppermission_group_id_50ae954d" ON "final_server_grouppermission" ("group_id");
CREATE INDEX IF NOT EXISTS "final_server_grouppermission_user_id_38fdf058" ON "final_server_grouppermission" ("user_id");
CREATE INDEX IF NOT EXISTS "django_admin_log_content_type_id_c4bce8eb" ON "django_admin_log" ("content_type_id");
CREATE INDEX IF NOT EXISTS "django_admin_log_user_id_c564eba6" ON "django_admin_log" ("user_id");
CREATE INDEX IF NOT EXISTS "django_session_expire_date_a5c62663" ON "django_session" ("expire_date");
CREATE INDEX IF NOT EXISTS "final_server_usermessage_sender_id_2255fe9e" ON "final_server_usermessage" ("sender_id");
CREATE INDEX IF NOT EXISTS "final_server_usermessage_reciever_id_dd695415" ON "final_server_usermessage" ("reciever_id");
CREATE UNIQUE INDEX "final_server_grouppermission_group_id_user_id_cbffdb06_uniq" ON "final_server_grouppermission" ("group_id", "user_id");
CREATE INDEX IF NOT EXISTS "final_server_groupmessage_user_id_a9f551e9" ON "final_server_groupmessage" ("user_id");
CREATE INDEX IF NOT EXISTS "final_server_groupmessage_group_id_be6a7445" ON "final_server_groupmessage" ("group_id");
CREATE TABLE IF NOT EXISTS "final_server_customuser_groups" ("id" integer NOT NULL PRIMARY KEY AUTOINCREMENT, "customuser_id" varchar(250) NOT NULL REFERENCES "final_server_customuser" ("username") DEFERRABLE INITIALLY DEFERRED, "group_id" integer NOT NULL REFERENCES "auth_group" ("id") DEFERRABLE INITIALLY DEFERRED);
CREATE UNIQUE INDEX "django_content_type_app_label_model_76bd3d3b_uniq" ON "django_content_type" ("app_label", "model");
CREATE UNIQUE INDEX "auth_group_permissions_group_id_permission_id_0cd325b0_uniq" ON "auth_group_permissions" ("group_id", "permission_id");
CREATE INDEX IF NOT EXISTS "auth_group_permissions_group_id_b120cbf9" ON "auth_group_permissions" ("group_id");
CREATE INDEX IF NOT EXISTS "auth_group_permissions_permission_id_84c5c92e" ON "auth_group_permissions" ("permission_id");
CREATE UNIQUE INDEX "auth_permission_content_type_id_codename_01ab375a_uniq" ON "auth_permission" ("content_type_id", "codename");
CREATE INDEX IF NOT EXISTS "auth_permission_content_type_id_2f476e4b" ON "auth_permission" ("content_type_id");
CREATE UNIQUE INDEX "final_server_customuser_groups_customuser_id_group_id_d8730558_uniq" ON "final_server_customuser_groups" ("customuser_id", "group_id");
CREATE INDEX IF NOT EXISTS "final_server_customuser_groups_customuser_id_f9b240c2" ON "final_server_customuser_groups" ("customuser_id");
CREATE INDEX IF NOT EXISTS "final_server_customuser_groups_group_id_405c6147" ON "final_server_customuser_groups" ("group_id");
CREATE UNIQUE INDEX "final_server_customuser_user_permissions_customuser_id_permission_id_acc183c9_uniq" ON "final_server_customuser_user_permissions" ("customuser_id", "permission_id");
CREATE INDEX IF NOT EXISTS "final_server_customuser_user_permissions_customuser_id_6db2d22f" ON "final_server_customuser_user_permissions" ("customuser_id");
CREATE INDEX IF NOT EXISTS "final_server_customuser_user_permissions_permission_id_98412df0" ON "final_server_customuser_user_permissions" ("permission_id");
CREATE INDEX IF NOT EXISTS "final_server_group_owner_id_40711106" ON "final_server_group" ("owner_id");
CREATE INDEX IF NOT EXISTS "final_server_grouppermission_group_id_50ae954d" ON "final_server_grouppermission" ("group_id");
CREATE INDEX IF NOT EXISTS "final_server_grouppermission_user_id_38fdf058" ON "final_server_grouppermission" ("user_id");
CREATE INDEX IF NOT EXISTS "django_admin_log_content_type_id_c4bce8eb" ON "django_admin_log" ("content_type_id");
CREATE INDEX IF NOT EXISTS "django_admin_log_user_id_c564eba6" ON "django_admin_log" ("user_id");
CREATE INDEX IF NOT EXISTS "django_session_expire_date_a5c62663" ON "django_session" ("expire_date");
CREATE INDEX IF NOT EXISTS "final_server_usermessage_sender_id_2255fe9e" ON "final_server_usermessage" ("sender_id");
CREATE INDEX IF NOT EXISTS "final_server_usermessage_reciever_id_dd695415" ON "final_server_usermessage" ("reciever_id");
CREATE UNIQUE INDEX "final_server_grouppermission_group_id_user_id_cbffdb06_uniq" ON "final_server_grouppermission" ("group_id", "user_id");
CREATE INDEX IF NOT EXISTS "final_server_groupmessage_user_id_a9f551e9" ON "final_server_groupmessage" ("user_id");
CREATE INDEX IF NOT EXISTS "final_server_groupmessage_group_id_be6a7445" ON "final_server_groupmessage" ("group_id");
CREATE TABLE IF NOT EXISTS "final_server_customuser_user_permissions" ("id" integer NOT NULL PRIMARY KEY AUTOINCREMENT, "customuser_id" varchar(250) NOT NULL REFERENCES "final_server_customuser" ("username") DEFERRABLE INITIALLY DEFERRED, "permission_id" integer NOT NULL REFERENCES "auth_permission" ("id") DEFERRABLE INITIALLY DEFERRED);
CREATE UNIQUE INDEX "django_content_type_app_label_model_76bd3d3b_uniq" ON "django_content_type" ("app_label", "model");
CREATE UNIQUE INDEX "auth_group_permissions_group_id_permission_id_0cd325b0_uniq" ON "auth_group_permissions" ("group_id", "permission_id");
CREATE INDEX IF NOT EXISTS "auth_group_permissions_group_id_b120cbf9" ON "auth_group_permissions" ("group_id");
CREATE INDEX IF NOT EXISTS "auth_group_permissions_permission_id_84c5c92e" ON "auth_group_permissions" ("permission_id");
CREATE UNIQUE INDEX "auth_permission_content_type_id_codename_01ab375a_uniq" ON "auth_permission" ("content_type_id", "codename");
CREATE INDEX IF NOT EXISTS "auth_permission_content_type_id_2f476e4b" ON "auth_permission" ("content_type_id");
CREATE UNIQUE INDEX "final_server_customuser_groups_customuser_id_group_id_d8730558_uniq" ON "final_server_customuser_groups" ("customuser_id", "group_id");
CREATE INDEX IF NOT EXISTS "final_server_customuser_groups_customuser_id_f9b240c2" ON "final_server_customuser_groups" ("customuser_id");
CREATE INDEX IF NOT EXISTS "final_server_customuser_groups_group_id_405c6147" ON "final_server_customuser_groups" ("group_id");
CREATE UNIQUE INDEX "final_server_customuser_user_permissions_customuser_id_permission_id_acc183c9_uniq" ON "final_server_customuser_user_permissions" ("customuser_id", "permission_id");
CREATE INDEX IF NOT EXISTS "final_server_customuser_user_permissions_customuser_id_6db2d22f" ON "final_server_customuser_user_permissions" ("customuser_id");
CREATE INDEX IF NOT EXISTS "final_server_customuser_user_permissions_permission_id_98412df0" ON "final_server_customuser_user_permissions" ("permission_id");
CREATE INDEX IF NOT EXISTS "final_server_group_owner_id_40711106" ON "final_server_group" ("owner_id");
CREATE INDEX IF NOT EXISTS "final_server_grouppermission_group_id_50ae954d" ON "final_server_grouppermission" ("group_id");
CREATE INDEX IF NOT EXISTS "final_server_grouppermission_user_id_38fdf058" ON "final_server_grouppermission" ("user_id");
CREATE INDEX IF NOT EXISTS "django_admin_log_content_type_id_c4bce8eb" ON "django_admin_log" ("content_type_id");
CREATE INDEX IF NOT EXISTS "django_admin_log_user_id_c564eba6" ON "django_admin_log" ("user_id");
CREATE INDEX IF NOT EXISTS "django_session_expire_date_a5c62663" ON "django_session" ("expire_date");
CREATE INDEX IF NOT EXISTS "final_server_usermessage_sender_id_2255fe9e" ON "final_server_usermessage" ("sender_id");
CREATE INDEX IF NOT EXISTS "final_server_usermessage_reciever_id_dd695415" ON "final_server_usermessage" ("reciever_id");
CREATE UNIQUE INDEX "final_server_grouppermission_group_id_user_id_cbffdb06_uniq" ON "final_server_grouppermission" ("group_id", "user_id");
CREATE INDEX IF NOT EXISTS "final_server_groupmessage_user_id_a9f551e9" ON "final_server_groupmessage" ("user_id");
CREATE INDEX IF NOT EXISTS "final_server_groupmessage_group_id_be6a7445" ON "final_server_groupmessage" ("group_id");
CREATE TABLE IF NOT EXISTS "final_server_group" ("id" integer NOT NULL PRIMARY KEY AUTOINCREMENT, "owner_id" varchar(250) NOT NULL REFERENCES "final_server_customuser" ("username") DEFERRABLE INITIALLY DEFERRED);
INSERT INTO "final_server_group" VALUES(17,'admin');
INSERT INTO "final_server_group" VALUES(18,'admin');
INSERT INTO "final_server_group" VALUES(19,'admin');
CREATE UNIQUE INDEX "django_content_type_app_label_model_76bd3d3b_uniq" ON "django_content_type" ("app_label", "model");
CREATE UNIQUE INDEX "auth_group_permissions_group_id_permission_id_0cd325b0_uniq" ON "auth_group_permissions" ("group_id", "permission_id");
CREATE INDEX IF NOT EXISTS "auth_group_permissions_group_id_b120cbf9" ON "auth_group_permissions" ("group_id");
CREATE INDEX IF NOT EXISTS "auth_group_permissions_permission_id_84c5c92e" ON "auth_group_permissions" ("permission_id");
CREATE UNIQUE INDEX "auth_permission_content_type_id_codename_01ab375a_uniq" ON "auth_permission" ("content_type_id", "codename");
CREATE INDEX IF NOT EXISTS "auth_permission_content_type_id_2f476e4b" ON "auth_permission" ("content_type_id");
CREATE UNIQUE INDEX "final_server_customuser_groups_customuser_id_group_id_d8730558_uniq" ON "final_server_customuser_groups" ("customuser_id", "group_id");
CREATE INDEX IF NOT EXISTS "final_server_customuser_groups_customuser_id_f9b240c2" ON "final_server_customuser_groups" ("customuser_id");
CREATE INDEX IF NOT EXISTS "final_server_customuser_groups_group_id_405c6147" ON "final_server_customuser_groups" ("group_id");
CREATE UNIQUE INDEX "final_server_customuser_user_permissions_customuser_id_permission_id_acc183c9_uniq" ON "final_server_customuser_user_permissions" ("customuser_id", "permission_id");
CREATE INDEX IF NOT EXISTS "final_server_customuser_user_permissions_customuser_id_6db2d22f" ON "final_server_customuser_user_permissions" ("customuser_id");
CREATE INDEX IF NOT EXISTS "final_server_customuser_user_permissions_permission_id_98412df0" ON "final_server_customuser_user_permissions" ("permission_id");
CREATE INDEX IF NOT EXISTS "final_server_group_owner_id_40711106" ON "final_server_group" ("owner_id");
CREATE INDEX IF NOT EXISTS "final_server_grouppermission_group_id_50ae954d" ON "final_server_grouppermission" ("group_id");
CREATE INDEX IF NOT EXISTS "final_server_grouppermission_user_id_38fdf058" ON "final_server_grouppermission" ("user_id");
CREATE INDEX IF NOT EXISTS "django_admin_log_content_type_id_c4bce8eb" ON "django_admin_log" ("content_type_id");
CREATE INDEX IF NOT EXISTS "django_admin_log_user_id_c564eba6" ON "django_admin_log" ("user_id");
CREATE INDEX IF NOT EXISTS "django_session_expire_date_a5c62663" ON "django_session" ("expire_date");
CREATE INDEX IF NOT EXISTS "final_server_usermessage_sender_id_2255fe9e" ON "final_server_usermessage" ("sender_id");
CREATE INDEX IF NOT EXISTS "final_server_usermessage_reciever_id_dd695415" ON "final_server_usermessage" ("reciever_id");
CREATE UNIQUE INDEX "final_server_grouppermission_group_id_user_id_cbffdb06_uniq" ON "final_server_grouppermission" ("group_id", "user_id");
CREATE INDEX IF NOT EXISTS "final_server_groupmessage_user_id_a9f551e9" ON "final_server_groupmessage" ("user_id");
CREATE INDEX IF NOT EXISTS "final_server_groupmessage_group_id_be6a7445" ON "final_server_groupmessage" ("group_id");
CREATE TABLE IF NOT EXISTS "final_server_groupmessage" ("id" integer NOT NULL PRIMARY KEY AUTOINCREMENT, "message" varchar(255) NULL, "user_id" varchar(250) NOT NULL REFERENCES "final_server_customuser" ("username") DEFERRABLE INITIALLY DEFERRED, "group_id" integer NOT NULL REFERENCES "final_server_group" ("id") DEFERRABLE INITIALLY DEFERRED);
INSERT INTO "final_server_groupmessage" VALUES(6,'salam','pourya_p',17);
INSERT INTO "final_server_groupmessage" VALUES(7,'hi back','admin',17);
INSERT INTO "final_server_groupmessage" VALUES(8,'inam pm baadi','admin',17);
INSERT INTO "final_server_groupmessage" VALUES(9,'hiiiii','pourya_p',17);
CREATE UNIQUE INDEX "django_content_type_app_label_model_76bd3d3b_uniq" ON "django_content_type" ("app_label", "model");
CREATE UNIQUE INDEX "auth_group_permissions_group_id_permission_id_0cd325b0_uniq" ON "auth_group_permissions" ("group_id", "permission_id");
CREATE INDEX IF NOT EXISTS "auth_group_permissions_group_id_b120cbf9" ON "auth_group_permissions" ("group_id");
CREATE INDEX IF NOT EXISTS "auth_group_permissions_permission_id_84c5c92e" ON "auth_group_permissions" ("permission_id");
CREATE UNIQUE INDEX "auth_permission_content_type_id_codename_01ab375a_uniq" ON "auth_permission" ("content_type_id", "codename");
CREATE INDEX IF NOT EXISTS "auth_permission_content_type_id_2f476e4b" ON "auth_permission" ("content_type_id");
CREATE UNIQUE INDEX "final_server_customuser_groups_customuser_id_group_id_d8730558_uniq" ON "final_server_customuser_groups" ("customuser_id", "group_id");
CREATE INDEX IF NOT EXISTS "final_server_customuser_groups_customuser_id_f9b240c2" ON "final_server_customuser_groups" ("customuser_id");
CREATE INDEX IF NOT EXISTS "final_server_customuser_groups_group_id_405c6147" ON "final_server_customuser_groups" ("group_id");
CREATE UNIQUE INDEX "final_server_customuser_user_permissions_customuser_id_permission_id_acc183c9_uniq" ON "final_server_customuser_user_permissions" ("customuser_id", "permission_id");
CREATE INDEX IF NOT EXISTS "final_server_customuser_user_permissions_customuser_id_6db2d22f" ON "final_server_customuser_user_permissions" ("customuser_id");
CREATE INDEX IF NOT EXISTS "final_server_customuser_user_permissions_permission_id_98412df0" ON "final_server_customuser_user_permissions" ("permission_id");
CREATE INDEX IF NOT EXISTS "final_server_group_owner_id_40711106" ON "final_server_group" ("owner_id");
CREATE INDEX IF NOT EXISTS "final_server_grouppermission_group_id_50ae954d" ON "final_server_grouppermission" ("group_id");
CREATE INDEX IF NOT EXISTS "final_server_grouppermission_user_id_38fdf058" ON "final_server_grouppermission" ("user_id");
CREATE INDEX IF NOT EXISTS "django_admin_log_content_type_id_c4bce8eb" ON "django_admin_log" ("content_type_id");
CREATE INDEX IF NOT EXISTS "django_admin_log_user_id_c564eba6" ON "django_admin_log" ("user_id");
CREATE INDEX IF NOT EXISTS "django_session_expire_date_a5c62663" ON "django_session" ("expire_date");
CREATE INDEX IF NOT EXISTS "final_server_usermessage_sender_id_2255fe9e" ON "final_server_usermessage" ("sender_id");
CREATE INDEX IF NOT EXISTS "final_server_usermessage_reciever_id_dd695415" ON "final_server_usermessage" ("reciever_id");
CREATE UNIQUE INDEX "final_server_grouppermission_group_id_user_id_cbffdb06_uniq" ON "final_server_grouppermission" ("group_id", "user_id");
CREATE INDEX IF NOT EXISTS "final_server_groupmessage_user_id_a9f551e9" ON "final_server_groupmessage" ("user_id");
CREATE INDEX IF NOT EXISTS "final_server_groupmessage_group_id_be6a7445" ON "final_server_groupmessage" ("group_id");
CREATE TABLE IF NOT EXISTS "final_server_grouppermission" ("id" integer NOT NULL PRIMARY KEY AUTOINCREMENT, "biba" bool NOT NULL, "blp" bool NOT NULL, "group_id" integer NOT NULL REFERENCES "final_server_group" ("id") DEFERRABLE INITIALLY DEFERRED, "user_id" varchar(250) NOT NULL REFERENCES "final_server_customuser" ("username") DEFERRABLE INITIALLY DEFERRED);
INSERT INTO "final_server_grouppermission" VALUES(22,1,1,17,'admin');
INSERT INTO "final_server_grouppermission" VALUES(23,1,1,17,'pourya_p');
INSERT INTO "final_server_grouppermission" VALUES(24,1,0,17,'pourya');
INSERT INTO "final_server_grouppermission" VALUES(25,1,1,18,'admin');
INSERT INTO "final_server_grouppermission" VALUES(26,0,1,18,'pourya_p');
INSERT INTO "final_server_grouppermission" VALUES(27,1,1,19,'admin');
CREATE UNIQUE INDEX "django_content_type_app_label_model_76bd3d3b_uniq" ON "django_content_type" ("app_label", "model");
CREATE UNIQUE INDEX "auth_group_permissions_group_id_permission_id_0cd325b0_uniq" ON "auth_group_permissions" ("group_id", "permission_id");
CREATE INDEX IF NOT EXISTS "auth_group_permissions_group_id_b120cbf9" ON "auth_group_permissions" ("group_id");
CREATE INDEX IF NOT EXISTS "auth_group_permissions_permission_id_84c5c92e" ON "auth_group_permissions" ("permission_id");
CREATE UNIQUE INDEX "auth_permission_content_type_id_codename_01ab375a_uniq" ON "auth_permission" ("content_type_id", "codename");
CREATE INDEX IF NOT EXISTS "auth_permission_content_type_id_2f476e4b" ON "auth_permission" ("content_type_id");
CREATE UNIQUE INDEX "final_server_customuser_groups_customuser_id_group_id_d8730558_uniq" ON "final_server_customuser_groups" ("customuser_id", "group_id");
CREATE INDEX IF NOT EXISTS "final_server_customuser_groups_customuser_id_f9b240c2" ON "final_server_customuser_groups" ("customuser_id");
CREATE INDEX IF NOT EXISTS "final_server_customuser_groups_group_id_405c6147" ON "final_server_customuser_groups" ("group_id");
CREATE UNIQUE INDEX "final_server_customuser_user_permissions_customuser_id_permission_id_acc183c9_uniq" ON "final_server_customuser_user_permissions" ("customuser_id", "permission_id");
CREATE INDEX IF NOT EXISTS "final_server_customuser_user_permissions_customuser_id_6db2d22f" ON "final_server_customuser_user_permissions" ("customuser_id");
CREATE INDEX IF NOT EXISTS "final_server_customuser_user_permissions_permission_id_98412df0" ON "final_server_customuser_user_permissions" ("permission_id");
CREATE INDEX IF NOT EXISTS "final_server_group_owner_id_40711106" ON "final_server_group" ("owner_id");
CREATE INDEX IF NOT EXISTS "final_server_grouppermission_group_id_50ae954d" ON "final_server_grouppermission" ("group_id");
CREATE INDEX IF NOT EXISTS "final_server_grouppermission_user_id_38fdf058" ON "final_server_grouppermission" ("user_id");
CREATE INDEX IF NOT EXISTS "django_admin_log_content_type_id_c4bce8eb" ON "django_admin_log" ("content_type_id");
CREATE INDEX IF NOT EXISTS "django_admin_log_user_id_c564eba6" ON "django_admin_log" ("user_id");
CREATE INDEX IF NOT EXISTS "django_session_expire_date_a5c62663" ON "django_session" ("expire_date");
CREATE INDEX IF NOT EXISTS "final_server_usermessage_sender_id_2255fe9e" ON "final_server_usermessage" ("sender_id");
CREATE INDEX IF NOT EXISTS "final_server_usermessage_reciever_id_dd695415" ON "final_server_usermessage" ("reciever_id");
CREATE UNIQUE INDEX "final_server_grouppermission_group_id_user_id_cbffdb06_uniq" ON "final_server_grouppermission" ("group_id", "user_id");
CREATE INDEX IF NOT EXISTS "final_server_groupmessage_user_id_a9f551e9" ON "final_server_groupmessage" ("user_id");
CREATE INDEX IF NOT EXISTS "final_server_groupmessage_group_id_be6a7445" ON "final_server_groupmessage" ("group_id");
CREATE TABLE IF NOT EXISTS "final_server_usermessage" ("id" integer NOT NULL PRIMARY KEY AUTOINCREMENT, "content" varchar(255) NOT NULL, "sender_id" varchar(250) NOT NULL REFERENCES "final_server_customuser" ("username") DEFERRABLE INITIALLY DEFERRED, "reciever_id" varchar(250) NOT NULL REFERENCES "final_server_customuser" ("username") DEFERRABLE INITIALLY DEFERRED);
INSERT INTO "final_server_usermessage" VALUES(3,'admin test message','admin','pourya');
INSERT INTO "final_server_usermessage" VALUES(4,'its second message and its a test from admin','admin','pourya');
INSERT INTO "final_server_usermessage" VALUES(5,'third message','admin','pourya');
INSERT INTO "final_server_usermessage" VALUES(6,'salam hamid','admin','hamid');
INSERT INTO "final_server_usermessage" VALUES(7,'hi admin its pourya','pourya_p','admin');
CREATE UNIQUE INDEX "django_content_type_app_label_model_76bd3d3b_uniq" ON "django_content_type" ("app_label", "model");
CREATE UNIQUE INDEX "auth_group_permissions_group_id_permission_id_0cd325b0_uniq" ON "auth_group_permissions" ("group_id", "permission_id");
CREATE INDEX IF NOT EXISTS "auth_group_permissions_group_id_b120cbf9" ON "auth_group_permissions" ("group_id");
CREATE INDEX IF NOT EXISTS "auth_group_permissions_permission_id_84c5c92e" ON "auth_group_permissions" ("permission_id");
CREATE UNIQUE INDEX "auth_permission_content_type_id_codename_01ab375a_uniq" ON "auth_permission" ("content_type_id", "codename");
CREATE INDEX IF NOT EXISTS "auth_permission_content_type_id_2f476e4b" ON "auth_permission" ("content_type_id");
CREATE UNIQUE INDEX "final_server_customuser_groups_customuser_id_group_id_d8730558_uniq" ON "final_server_customuser_groups" ("customuser_id", "group_id");
CREATE INDEX IF NOT EXISTS "final_server_customuser_groups_customuser_id_f9b240c2" ON "final_server_customuser_groups" ("customuser_id");
CREATE INDEX IF NOT EXISTS "final_server_customuser_groups_group_id_405c6147" ON "final_server_customuser_groups" ("group_id");
CREATE UNIQUE INDEX "final_server_customuser_user_permissions_customuser_id_permission_id_acc183c9_uniq" ON "final_server_customuser_user_permissions" ("customuser_id", "permission_id");
CREATE INDEX IF NOT EXISTS "final_server_customuser_user_permissions_customuser_id_6db2d22f" ON "final_server_customuser_user_permissions" ("customuser_id");
CREATE INDEX IF NOT EXISTS "final_server_customuser_user_permissions_permission_id_98412df0" ON "final_server_customuser_user_permissions" ("permission_id");
CREATE INDEX IF NOT EXISTS "final_server_group_owner_id_40711106" ON "final_server_group" ("owner_id");
CREATE INDEX IF NOT EXISTS "final_server_grouppermission_group_id_50ae954d" ON "final_server_grouppermission" ("group_id");
CREATE INDEX IF NOT EXISTS "final_server_grouppermission_user_id_38fdf058" ON "final_server_grouppermission" ("user_id");
CREATE INDEX IF NOT EXISTS "django_admin_log_content_type_id_c4bce8eb" ON "django_admin_log" ("content_type_id");
CREATE INDEX IF NOT EXISTS "django_admin_log_user_id_c564eba6" ON "django_admin_log" ("user_id");
CREATE INDEX IF NOT EXISTS "django_session_expire_date_a5c62663" ON "django_session" ("expire_date");
CREATE INDEX IF NOT EXISTS "final_server_usermessage_sender_id_2255fe9e" ON "final_server_usermessage" ("sender_id");
CREATE INDEX IF NOT EXISTS "final_server_usermessage_reciever_id_dd695415" ON "final_server_usermessage" ("reciever_id");
CREATE UNIQUE INDEX "final_server_grouppermission_group_id_user_id_cbffdb06_uniq" ON "final_server_grouppermission" ("group_id", "user_id");
CREATE INDEX IF NOT EXISTS "final_server_groupmessage_user_id_a9f551e9" ON "final_server_groupmessage" ("user_id");
CREATE INDEX IF NOT EXISTS "final_server_groupmessage_group_id_be6a7445" ON "final_server_groupmessage" ("group_id");
